node,id
l for life,29
being patriotic,71
lgbt united,87
don't shoot,319
heart of texas,347
blacktivist,370
patriot's heart,403
stop refugees,409
blacks go viral,411
cop block us,412
black matters,414
instagnan,465
american.veterans,466
afrokingdom,472
southern.rebel.pride,474
williams&kalvin,478
gov spending,481
blackstagram,510
liberty_rising,512
muslim voice,520
musliminst,523
pray4police,537
united muslims of america,595
american.made,604
bm,608
baltimore.blackvoice,617
brown power,621
stop a.l.,671
sincerely_black,716
black matters us,723
born black,751
mericanfury,752
blackluive,770
rebeltexas,856
memopolis,873
stand for freedom,1101
army of jesus,1111
secured borders,1168
born liberal,1427
black edification,1428
justice for ezell ford and donnell thompson,1669
trumpsters united,1697
donald trump america,1705
make america great again donald j trump,1727
bernie sanders for president,1728
back the badge,1850
veterans come first,1860
black4black,1861
pan-african roots move,1863
angry eagle,2012
south united,2025
nefertiti's community,2028
woke blacks,2037
defend the 2nd,2050
black baptist church,2066
watch the police,2113
black guns matter,2122
black excellence,2292
hell_and_back,2317
fit black,2580
native americans united,3077
the red pill,3139
