1,afrokingdom,2,american.made
6,back the badge,3,american.veterans
7,baltimore.blackvoice,4,angry eagle
9,bernie sanders for president,5,army of jesus
10,black baptist church,8,being patriotic
11,black edification,26,defend the 2nd
12,black excellence,28,donald trump america
13,black guns matter,30,gov spending
14,black matters,31,heart of texas
15,black matters us,33,instagnan
16,black4black,36,liberty_rising
17,blackluive,37,make america great again donald j trump
18,blacks go viral,38,memopolis
19,blackstagram,39,mericanfury
20,blacktivist,40,muslim voice
21,bm,46,rebeltexas
22,born black,47,secured borders
23,born liberal,49,south united
24,brown power,50,southern.rebel.pride
25,cop block us,51,stand for freedom
27,don't shoot,52,stop a.l.
29,fit black,53,stop refugees
32,hell_and_back,54,the red pill
34,justice for ezell ford and donnell thompson,55,trumpsters united
35,l for life,57,veterans come first
41,musliminst,,
42,nefertiti's community,,
43,pan-african roots move,,
44,patriot's heart,,
45,pray4police,,
48,sincerely_black,,
56,united muslims of america,,
58,watch the police,,
59,williams&kalvin,,
60,woke blacks,,